-- phpMyAdmin SQL Dump
-- version 4.5.1
-- http://www.phpmyadmin.net
--
-- Host: 127.0.0.1
-- Generation Time: 23 Des 2018 pada 11.45
-- Versi Server: 10.1.16-MariaDB
-- PHP Version: 5.6.24

SET SQL_MODE = "NO_AUTO_VALUE_ON_ZERO";
SET time_zone = "+00:00";


/*!40101 SET @OLD_CHARACTER_SET_CLIENT=@@CHARACTER_SET_CLIENT */;
/*!40101 SET @OLD_CHARACTER_SET_RESULTS=@@CHARACTER_SET_RESULTS */;
/*!40101 SET @OLD_COLLATION_CONNECTION=@@COLLATION_CONNECTION */;
/*!40101 SET NAMES utf8mb4 */;

--
-- Database: `toko_dinar`
--

-- --------------------------------------------------------

--
-- Struktur dari tabel `barang`
--

CREATE TABLE `barang` (
  `Id_barang` varchar(5) NOT NULL,
  `Nama_barang` varchar(50) NOT NULL,
  `Harga_beli` int(15) NOT NULL,
  `Harga_jual` int(15) NOT NULL,
  `Untung` int(15) NOT NULL,
  `Stok` int(5) DEFAULT NULL,
  `Id_kategori` varchar(5) NOT NULL,
  `Id_supplier` varchar(5) DEFAULT NULL,
  `saran_restok` int(3) NOT NULL
) ENGINE=InnoDB DEFAULT CHARSET=latin1;

--
-- Dumping data untuk tabel `barang`
--

INSERT INTO `barang` (`Id_barang`, `Nama_barang`, `Harga_beli`, `Harga_jual`, `Untung`, `Stok`, `Id_kategori`, `Id_supplier`, `saran_restok`) VALUES
('B0001', 'MB_5X10', 145, 195, 50, 92, 'K0001', NULL, 100),
('B0002', 'MB_5X20', 196, 246, 50, 92, 'K0001', NULL, 50),
('B0003', 'MB_5X30', 258, 328, 70, 96, 'K0001', NULL, 100),
('B0004', 'MB_5X40', 248, 348, 100, 75, 'K0001', NULL, 100),
('B0005', 'MB_5X50', 309, 409, 100, 85, 'K0001', NULL, 100),
('B0006', 'MB_6X10', 494, 594, 100, 45, 'K0001', NULL, 200),
('B0007', 'MB_6X25', 514, 654, 150, 20, 'K0001', NULL, 150),
('B0008', 'MB_6X30', 583, 783, 200, 25, 'K0001', NULL, 125),
('B0009', 'MB_6X40', 631, 901, 270, 35, 'K0001', NULL, 150),
('B0010', 'MB_8X20', 491, 691, 200, 98, 'K0001', NULL, 50),
('B0011', 'MB_8X30', 550, 790, 240, 100, 'K0001', NULL, 100),
('B0012', 'MB_8X40', 634, 904, 270, 85, 'K0001', NULL, 100),
('B0013', 'MB_8X50', 718, 1018, 300, 75, 'K0001', NULL, 50),
('B0014', 'MB_10X20', 1033, 1433, 400, 55, 'K0001', NULL, 100),
('B0015', 'MB_10X30', 1020, 1520, 500, 105, 'K0001', NULL, 100),
('B0016', 'MB_10X40', 1076, 1676, 600, 95, 'K0001', NULL, 100),
('B0017', 'MB_10X50', 1136, 1836, 700, 48, 'K0001', NULL, 100),
('B0018', 'JF_4X50', 131, 181, 50, 156, 'K0002', NULL, 50),
('B0019', 'JF_4X60', 158, 233, 75, 176, 'K0002', NULL, 50),
('B0020', 'JF_5X50', 201, 276, 75, 181, 'K0002', NULL, 50),
('B0021', 'JF_5X60', 242, 347, 105, 128, 'K0002', NULL, 50),
('B0022', 'JF_6X50', 272, 392, 120, 118, 'K0002', NULL, 50),
('B0023', 'JF_6X60', 316, 466, 150, 129, 'K0002', NULL, 50),
('B0024', 'JF_8X50', 504, 724, 200, 81, 'K0002', NULL, 50),
('B0025', 'JF_8X60', 631, 901, 270, 78, 'K0002', NULL, 50),
('B0026', 'Nut_5mm', 70, 100, 30, 74, 'K0003', NULL, 200),
('B0027', 'Nut_6mm', 100, 150, 50, 30, 'K0003', NULL, 200),
('B0028', 'Nut_8mm', 150, 250, 100, 58, 'K0003', NULL, 200),
('B0029', 'Nut_10mm', 175, 300, 125, 74, 'K0003', NULL, 200),
('B0030', 'Ring_5mm', 35, 50, 15, 46, 'K0004', NULL, 200),
('B0031', 'Ring_6mm', 35, 50, 15, 54, 'K0004', NULL, 200),
('B0032', 'Ring_8mm', 70, 100, 30, 55, 'K0004', NULL, 200),
('B0033', 'Ring_10mm', 135, 200, 65, 69, 'K0004', NULL, 100),
('B0034', 'Ring_12mm', 150, 250, 100, 94, 'K0004', NULL, 100),
('B0035', 'FB_6X10', 200, 300, 100, 74, 'K0005', NULL, 200),
('B0036', 'FB_6X20', 250, 370, 120, 79, 'K0005', NULL, 100),
('B0037', 'FB_6X30', 310, 450, 140, 88, 'K0005', NULL, 50),
('B0038', 'FB_6X40', 380, 540, 160, 91, 'K0005', NULL, 50),
('B0039', 'FB_6X50', 420, 620, 200, 91, 'K0005', NULL, 50),
('B0040', 'FB_6X60', 460, 700, 240, 91, 'K0005', NULL, 50),
('B0041', 'FB_6X70', 520, 800, 280, 86, 'K0005', NULL, 50),
('B0042', 'FB_6X80', 580, 900, 320, 90, 'K0005', NULL, 50),
('B0043', 'FB_8X20', 550, 720, 220, 90, 'K0005', NULL, 50),
('B0044', 'FB_8X30', 600, 850, 250, 64, 'K0005', NULL, 50),
('B0045', 'FB_8X40', 710, 990, 280, 64, 'K0005', NULL, 50),
('B0046', 'FB_8X50', 820, 1130, 310, 90, 'K0005', NULL, 50),
('B0047', 'FB_8X60', 930, 1270, 340, 88, 'K0005', NULL, 50),
('B0048', 'FB_8X70', 1050, 1420, 370, 88, 'K0005', NULL, 50),
('B0049', 'FB_8X80', 1200, 1600, 400, 85, 'K0005', NULL, 50),
('B0050', 'FB_8X90', 1250, 1700, 450, 71, 'K0005', NULL, 50),
('B0051', 'FB_8X15', 1850, 1350, 500, 82, 'K0005', NULL, 50),
('B0052', 'FB_10X20', 770, 1100, 330, 79, 'K0005', NULL, 100),
('B0053', 'FB_10X30', 950, 1350, 400, 87, 'K0005', NULL, 50),
('B0054', 'FB_10X40', 1150, 1650, 500, 91, 'K0005', NULL, 50),
('B0055', 'FB_10X50', 1350, 1950, 600, 85, 'K0005', NULL, 100),
('B0056', 'FB_10X60', 1450, 2150, 700, 92, 'K0005', NULL, 50),
('B0057', 'FB_10X70', 1600, 2400, 800, 82, 'K0005', NULL, 50),
('B0058', 'FB_10X80', 1800, 2700, 900, 90, 'K0005', NULL, 50),
('B0059', 'FB_10X90', 1900, 2900, 1000, 83, 'K0005', NULL, 50),
('B0060', 'FB_10X100', 2050, 3150, 1100, 90, 'K0005', NULL, 100),
('B0061', 'FB_12X20', 980, 1400, 420, 83, 'K0005', NULL, 50),
('B0062', 'FB_12X40', 1090, 1550, 460, 100, 'k0005', NULL, 100),
('B0063', 'FB_12X30', 1032, 1720, 490, 86, 'K0005', NULL, 50),
('B0064', 'FB_12X50', 1500, 2050, 550, 76, 'K0005', NULL, 100),
('B0065', 'FB_12X60', 1550, 2150, 600, 121, 'K0005', NULL, 50),
('B0066', 'FB_12X70', 1602, 2670, 1068, 88, 'K0005', NULL, 50),
('B0067', 'FB_12X80', 1770, 2950, 1180, 76, 'K0005', NULL, 100),
('B0068', 'FB_12X100', 2370, 3950, 1580, 74, 'K0005', NULL, 100),
('B0069', 'RS_6X1', 52, 67, 15, 88, 'K0006', NULL, 50),
('B0070', 'RS_7X2', 50, 84, 34, 90, 'K0006', NULL, 50),
('B0071', 'RS_8X1', 58, 95, 37, 62, 'K0006', NULL, 50),
('B0072', 'RS_8X2', 103, 155, 52, 88, 'K0006', NULL, 50),
('B0073', 'RS_8X3', 168, 240, 72, 72, 'K0006', NULL, 50),
('B0074', 'RS_8X4', 270, 450, 180, 89, 'K0006', NULL, 50),
('B0075', 'RS_10X1', 84, 140, 56, 81, 'K0006', NULL, 50),
('B0076', 'RS_10X2', 129, 215, 86, 76, 'K0006', NULL, 50),
('B0077', 'RS_10X3', 205, 350, 145, 78, 'K0006', NULL, 50),
('B0078', 'RS_10X4', 360, 600, 240, 89, 'K0006', NULL, 50),
('B0079', 'DS_6X1', 56, 80, 24, 76, 'K0007', NULL, 50),
('B0080', 'DS_6X2', 85, 150, 65, 78, 'K0007', NULL, 50),
('B0081', 'DS_7X1', 70, 100, 30, 85, 'K0007', NULL, 50),
('B0082', 'DS_7X2', 135, 200, 65, 85, 'K0007', NULL, 50),
('B0083', 'DS_8X1', 84, 120, 36, 76, 'K0007', NULL, 100),
('B0084', 'DS_8X2', 129, 215, 86, 94, 'K0007', NULL, 50),
('B0085', 'FAB_6X1', 47, 78, 31, 130, 'K0008', NULL, 50),
('B0086', 'FAB_6X2', 100, 167, 67, 133, 'K0008', NULL, 50),
('B0087', 'FAB_8X1', 72, 122, 50, 133, 'K0008', NULL, 50),
('B0088', 'FAB_8X2', 220, 132, 88, 135, 'K0008', NULL, 50),
('B0089', 'FAB_10X1', 104, 175, 71, 135, 'K0008', NULL, 50),
('B0090', 'FAB_10X2', 198, 310, 112, 135, 'K0008', NULL, 50),
('B0091', 'FAB_12X1', 132, 220, 88, 135, 'K0008', NULL, 50),
('B0092', 'FAB_12X2', 232, 370, 138, 88, 'K0008', NULL, 50),
('B0093', 'FAB_14X1', 205, 350, 145, 81, 'K0008', NULL, 50),
('B0094', 'FAB_14X2', 336, 560, 214, 85, 'K0008', NULL, 50),
('B0095', 'CS_1', 54, 90, 36, 55, 'K0009', NULL, 100),
('B0096', 'CS_1,5', 69, 115, 45, 53, 'K0009', NULL, 100),
('B0097', 'CB_0,25X1', 276, 458, 182, 95, 'K0010', NULL, 50),
('B0098', 'CB_0,25X2', 360, 600, 240, 92, 'K0010', NULL, 50),
('B0099', 'CB_0,25X3', 492, 820, 328, 32, 'K0010', NULL, 100),
('B0100', 'CB_0,25X4', 777, 1110, 333, 69, 'K0010', NULL, 50);

-- --------------------------------------------------------

--
-- Struktur dari tabel `kategori`
--

CREATE TABLE `kategori` (
  `Id_kategori` varchar(5) NOT NULL,
  `Nama` varchar(20) NOT NULL,
  `Prioritas` int(3) NOT NULL
) ENGINE=InnoDB DEFAULT CHARSET=latin1;

--
-- Dumping data untuk tabel `kategori`
--

INSERT INTO `kategori` (`Id_kategori`, `Nama`, `Prioritas`) VALUES
('K0001', 'Hexagon Bolt & Nut', 10),
('K0002', 'Machine Screw', 50),
('K0003', 'Nut', 20),
('K0004', 'Ring', 30),
('K0005', 'Flange Bolt', 40),
('K0006', 'Rattan Screw', 80),
('K0007', 'Drywall Screw', 90),
('K0008', 'Self Tapping Screw', 70),
('K0009', 'Calciboard Screw', 100),
('K0010', 'Carriage Bolt & Nut', 60);

-- --------------------------------------------------------

--
-- Struktur dari tabel `manajemen`
--

CREATE TABLE `manajemen` (
  `Id_barang` varchar(5) NOT NULL,
  `Stok1` tinyint(4) NOT NULL DEFAULT '0',
  `Untung1` tinyint(4) NOT NULL DEFAULT '0',
  `Prioritas1` tinyint(4) NOT NULL DEFAULT '0',
  `Tingkat_penjualan1` tinyint(4) NOT NULL DEFAULT '0'
) ENGINE=InnoDB DEFAULT CHARSET=latin1;

--
-- Dumping data untuk tabel `manajemen`
--

INSERT INTO `manajemen` (`Id_barang`, `Stok1`, `Untung1`, `Prioritas1`, `Tingkat_penjualan1`) VALUES
('B0001', 3, 1, 1, 3),
('B0002', 3, 1, 1, 2),
('B0003', 3, 1, 1, 3),
('B0004', 2, 1, 1, 3),
('B0005', 3, 1, 1, 3),
('B0006', 1, 1, 1, 5),
('B0007', 1, 1, 1, 4),
('B0008', 1, 2, 1, 4),
('B0009', 1, 2, 1, 4),
('B0010', 3, 2, 1, 2),
('B0011', 3, 2, 1, 3),
('B0012', 3, 2, 1, 2),
('B0013', 2, 2, 1, 3),
('B0014', 2, 2, 1, 2),
('B0015', 3, 3, 1, 3),
('B0016', 3, 3, 1, 2),
('B0017', 1, 3, 1, 2),
('B0018', 5, 1, 3, 2),
('B0019', 5, 1, 3, 1),
('B0020', 5, 1, 3, 1),
('B0021', 4, 1, 3, 1),
('B0022', 4, 1, 3, 1),
('B0023', 4, 1, 3, 1),
('B0024', 3, 2, 3, 1),
('B0025', 2, 2, 3, 1),
('B0026', 2, 1, 1, 4),
('B0027', 1, 1, 1, 5),
('B0028', 2, 1, 1, 4),
('B0029', 2, 1, 1, 4),
('B0030', 1, 1, 2, 5),
('B0031', 2, 1, 2, 4),
('B0032', 2, 1, 2, 4),
('B0033', 2, 1, 2, 3),
('B0034', 3, 1, 2, 2),
('B0035', 2, 1, 2, 1),
('B0036', 3, 1, 2, 1),
('B0037', 3, 1, 2, 1),
('B0038', 3, 1, 2, 1),
('B0039', 3, 2, 2, 1),
('B0040', 3, 2, 2, 1),
('B0041', 3, 2, 2, 1),
('B0042', 3, 2, 2, 1),
('B0043', 3, 2, 2, 2),
('B0044', 2, 2, 2, 2),
('B0045', 2, 2, 2, 2),
('B0046', 3, 2, 2, 1),
('B0047', 3, 2, 2, 1),
('B0048', 3, 2, 2, 1),
('B0049', 3, 2, 2, 1),
('B0050', 2, 3, 2, 1),
('B0051', 3, 3, 2, 1),
('B0052', 3, 2, 2, 1),
('B0053', 3, 2, 2, 1),
('B0054', 3, 3, 2, 1),
('B0055', 3, 3, 2, 1),
('B0056', 3, 3, 2, 1),
('B0057', 3, 4, 2, 1),
('B0058', 3, 4, 2, 1),
('B0059', 3, 4, 2, 1),
('B0060', 3, 4, 2, 1),
('B0061', 3, 2, 2, 1),
('B0062', 3, 3, 2, 2),
('B0063', 3, 3, 2, 1),
('B0064', 2, 3, 2, 1),
('B0065', 4, 3, 2, 1),
('B0066', 3, 4, 2, 1),
('B0067', 2, 4, 2, 1),
('B0068', 2, 5, 2, 1),
('B0069', 3, 1, 4, 1),
('B0070', 3, 1, 4, 1),
('B0071', 2, 1, 4, 2),
('B0072', 3, 1, 4, 1),
('B0073', 2, 1, 4, 1),
('B0074', 3, 1, 4, 1),
('B0075', 3, 1, 4, 1),
('B0076', 2, 1, 4, 1),
('B0077', 2, 1, 4, 1),
('B0078', 3, 2, 4, 1),
('B0079', 2, 1, 5, 1),
('B0080', 2, 1, 5, 1),
('B0081', 3, 1, 5, 1),
('B0082', 3, 1, 5, 1),
('B0083', 2, 1, 5, 1),
('B0084', 3, 1, 5, 2),
('B0085', 4, 1, 4, 1),
('B0086', 4, 1, 4, 1),
('B0087', 4, 1, 4, 1),
('B0088', 4, 1, 4, 1),
('B0089', 4, 1, 4, 1),
('B0090', 4, 1, 4, 1),
('B0091', 4, 1, 4, 1),
('B0092', 3, 1, 4, 1),
('B0093', 3, 1, 4, 1),
('B0094', 3, 2, 4, 1),
('B0095', 2, 1, 5, 1),
('B0096', 2, 1, 5, 1),
('B0097', 3, 1, 2, 1),
('B0098', 3, 2, 2, 1),
('B0099', 1, 2, 2, 2),
('B0100', 2, 2, 2, 1);

-- --------------------------------------------------------

--
-- Struktur dari tabel `supplier`
--

CREATE TABLE `supplier` (
  `Id_supplier` varchar(5) NOT NULL,
  `Nama` int(20) NOT NULL,
  `Alamat` int(30) NOT NULL,
  `Telp` int(15) DEFAULT NULL
) ENGINE=InnoDB DEFAULT CHARSET=latin1;

-- --------------------------------------------------------

--
-- Struktur dari tabel `transaksi`
--

CREATE TABLE `transaksi` (
  `Id_transaksi` varchar(5) NOT NULL,
  `Id_barang` varchar(5) NOT NULL,
  `Jumlah` int(5) NOT NULL,
  `Tanggal_transaksi` date NOT NULL
) ENGINE=InnoDB DEFAULT CHARSET=latin1;

--
-- Dumping data untuk tabel `transaksi`
--

INSERT INTO `transaksi` (`Id_transaksi`, `Id_barang`, `Jumlah`, `Tanggal_transaksi`) VALUES
('T0001', 'B0023', 5, '2018-10-01'),
('T0002', 'B0001', 20, '2018-10-01'),
('T0003', 'B0003', 20, '2018-10-01'),
('T0004', 'B0005', 15, '2018-10-01'),
('T0005', 'B0007', 12, '2018-10-01'),
('T0006', 'B0007', 12, '2018-10-01'),
('T0007', 'B0004', 5, '2018-10-01'),
('T0008', 'B0012', 12, '2018-10-01'),
('T0009', 'B0005', 12, '2018-10-01'),
('T0010', 'B0019', 12, '2018-10-01'),
('T0011', 'B0003', 12, '2018-10-01'),
('T0012', 'B0006', 12, '2018-10-01'),
('T0013', 'B0009', 12, '2018-10-01'),
('T0014', 'B0035', 10, '2018-10-01'),
('T0016', 'B0022', 20, '2018-10-01'),
('T0017', 'B0028', 12, '2018-10-01'),
('T0018', 'B0026', 10, '2018-10-01'),
('T0019', 'B0025', 12, '2018-10-01'),
('T0020', 'B0027', 20, '2018-10-01'),
('T0021', 'B0002', 5, '2018-10-02'),
('T0022', 'B0008', 15, '2018-10-02'),
('T0023', 'B0010', 10, '2018-10-02'),
('T0024', 'B0001', 10, '2018-10-02'),
('T0025', 'B0001', 5, '2018-10-02'),
('T0026', 'B0014', 8, '2018-10-02'),
('T0027', 'B0001', 5, '2018-10-02'),
('T0028', 'B0069', 12, '2018-10-02'),
('T0029', 'B0070', 10, '2018-10-02'),
('T0030', 'B0079', 8, '2018-10-02'),
('T0031', 'B0080', 4, '2018-10-02'),
('T0032', 'B0099', 10, '2018-10-02'),
('T0034', 'B0096', 12, '2018-10-02'),
('T0035', 'B0024', 20, '2018-10-02'),
('T0036', 'B0081', 5, '2018-10-03'),
('T0037', 'B0082', 15, '2018-10-03'),
('T0038', 'B0095', 10, '2018-10-03'),
('T0039', 'B0096', 10, '2018-10-03'),
('T0040', 'B0045', 5, '2018-10-03'),
('T0041', 'B0053', 8, '2018-10-03'),
('T0042', 'B0097', 5, '2018-10-03'),
('T0043', 'B0061', 12, '2018-10-03'),
('T0044', 'B0064', 10, '2018-10-03'),
('T0045', 'B0071', 8, '2018-10-03'),
('T0046', 'B0015', 8, '2018-10-03'),
('T0047', 'B0015', 8, '2018-10-03'),
('T0048', 'B0016', 10, '2018-10-03'),
('T0049', 'B0017', 10, '2018-10-03'),
('T0050', 'B0018', 8, '2018-10-03'),
('T0051', 'B0020', 9, '2018-10-03'),
('T0052', 'B0021', 12, '2018-10-03'),
('T0053', 'B0015', 10, '2018-10-03'),
('T0054', 'B0015', 15, '2018-10-03'),
('T0055', 'B0015', 12, '2018-10-03'),
('T0056', 'B0084', 2, '2018-10-04'),
('T0057', 'B0085', 2, '2018-10-04'),
('T0058', 'B0086', 2, '2018-10-04'),
('T0059', 'B0087', 2, '2018-10-04'),
('T0060', 'B0088', 2, '2018-10-04'),
('T0061', 'B0089', 2, '2018-10-04'),
('T0062', 'B0090', 2, '2018-10-04'),
('T0063', 'B0091', 2, '2018-10-04'),
('T0064', 'B0092', 2, '2018-10-04'),
('T0065', 'B0093', 2, '2018-10-04'),
('T0066', 'B0094', 2, '2018-10-04'),
('T0067', 'B0037', 12, '2018-10-05'),
('T0068', 'B0043', 8, '2018-10-05'),
('T0069', 'B0044', 10, '2018-10-05'),
('T0070', 'B0011', 12, '2018-10-05'),
('T0071', 'B0013', 20, '2018-10-05'),
('T0072', 'B0029', 12, '2018-10-05'),
('T0073', 'B0030', 6, '2018-10-05'),
('T0074', 'B0071', 8, '2018-10-05'),
('T0075', 'B0072', 12, '2018-10-05'),
('T0076', 'B0077', 12, '2018-10-06'),
('T0077', 'B0078', 7, '2018-10-06'),
('T0078', 'B0098', 8, '2018-10-06'),
('T0079', 'B0100', 6, '2018-10-06'),
('T0080', 'B0047', 4, '2018-10-06'),
('T0081', 'B0048', 8, '2018-10-06'),
('T0082', 'B0049', 9, '2018-10-06'),
('T0083', 'B0054', 4, '2018-10-06'),
('T0084', 'B0056', 3, '2018-10-06'),
('T0085', 'B0058', 10, '2018-10-06'),
('T0086', 'B0085', 8, '2018-10-06'),
('T0087', 'B0059', 4, '2018-10-06'),
('T0088', 'B0004', 8, '2018-10-06'),
('T0089', 'B0030', 10, '2018-10-06'),
('T0090', 'B0007', 5, '2018-10-06'),
('T0091', 'B0010', 6, '2018-10-08'),
('T0092', 'B0002', 10, '2018-10-08'),
('T0093', 'B0020', 4, '2018-10-08'),
('T0094', 'B0018', 4, '2018-10-08'),
('T0095', 'B0014', 17, '2018-10-08'),
('T0096', 'B0013', 18, '2018-10-08'),
('T0097', 'B0032', 6, '2018-10-08'),
('T0098', 'B0033', 8, '2018-10-08'),
('T0099', 'B0034', 1, '2018-10-08'),
('T0100', 'B0042', 1, '2018-10-08'),
('T0101', 'B0045', 1, '2018-10-08'),
('T0102', 'B0046', 1, '2018-10-08'),
('T0103', 'B0051', 4, '2018-10-08'),
('T0104', 'B0049', 6, '2018-10-08'),
('T0105', 'B0052', 7, '2018-10-08'),
('T0106', 'B0068', 8, '2018-10-08'),
('T0107', 'B0066', 12, '2018-10-08'),
('T0108', 'B0079', 14, '2018-10-08'),
('T0109', 'B0076', 4, '2018-10-08'),
('T0110', 'B0074', 6, '2018-10-08'),
('T0111', 'B0073', 8, '2018-10-08'),
('T0112', 'B0026', 6, '2018-10-08'),
('T0113', 'B0023', 4, '2018-10-08'),
('T0114', 'B0020', 6, '2018-10-08'),
('T0115', 'B0001', 8, '2018-10-08'),
('T0116', 'B0010', 12, '2018-10-08'),
('T0117', 'B0031', 6, '2018-10-08'),
('T0118', 'B0036', 5, '2018-10-08'),
('T0119', 'B0029', 4, '2018-10-08'),
('T0120', 'B0044', 2, '2018-10-08'),
('T0121', 'B0006', 4, '2018-10-09'),
('T0122', 'B0031', 8, '2018-10-09'),
('T0123', 'B0011', 14, '2018-10-09'),
('T0124', 'B0032', 14, '2018-10-09'),
('T0125', 'B0043', 4, '2018-10-09'),
('T0126', 'B0045', 5, '2018-10-09'),
('T0127', 'B0030', 6, '2018-10-09'),
('T0128', 'B0071', 6, '2018-10-09'),
('T0129', 'B0084', 20, '2018-10-09'),
('T0130', 'B0099', 10, '2018-10-09'),
('T0131', 'B0030', 6, '2018-10-09'),
('T0132', 'B0015', 8, '2018-10-09'),
('T0133', 'B0016', 8, '2018-10-09'),
('T0134', 'B0017', 8, '2018-10-09'),
('T0135', 'B0033', 24, '2018-10-09'),
('T0137', 'B0032', 14, '2018-10-10'),
('T0138', 'B0022', 4, '2018-10-10'),
('T0139', 'B0023', 4, '2018-10-10'),
('T0140', 'B0018', 4, '2018-10-10'),
('T0141', 'B0019', 4, '2018-10-10'),
('T0142', 'B0027', 10, '2018-10-10'),
('T0143', 'B0032', 10, '2018-10-10'),
('T0144', 'B0033', 5, '2018-10-10'),
('T0145', 'B0034', 10, '2018-10-10'),
('T0146', 'B0043', 10, '2018-10-10'),
('T0147', 'B0044', 10, '2018-10-10'),
('T0148', 'B0050', 10, '2018-10-10'),
('T0151', 'B0031', 8, '2018-10-11'),
('T0159', 'B0016', 8, '2018-10-11'),
('T0160', 'B0006', 4, '2018-10-11'),
('T0162', 'B0071', 6, '2018-10-11'),
('T0163', 'B0084', 20, '2018-10-11'),
('T0164', 'B0099', 10, '2018-10-11'),
('T0165', 'B0076', 10, '2018-10-11'),
('T0166', 'B0077', 5, '2018-10-11'),
('T0167', 'B0013', 7, '2018-10-11'),
('T0168', 'B0032', 14, '2018-10-11'),
('T0169', 'B0027', 5, '2018-10-12'),
('T0170', 'B0027', 5, '2018-10-12'),
('T0171', 'B0011', 14, '2018-10-12'),
('T0172', 'B0032', 14, '2018-10-12'),
('T0173', 'B0043', 5, '2018-10-12'),
('T0174', 'B0045', 5, '2018-10-12'),
('T0175', 'B0043', 10, '2018-10-12'),
('T0176', 'B0045', 10, '2018-10-12'),
('T0177', 'B0050', 10, '2018-10-12'),
('T0178', 'B0062', 20, '2018-10-12'),
('T0179', 'B0038', 4, '2018-10-13'),
('T0180', 'B0039', 4, '2018-10-13'),
('T0181', 'B0040', 4, '2018-10-13'),
('T0182', 'B0041', 4, '2018-10-13'),
('T0183', 'B0027', 20, '2018-10-13'),
('T0184', 'B0042', 4, '2018-10-13'),
('T0185', 'B0043', 10, '2018-10-13'),
('T0186', 'B0046', 9, '2018-10-13'),
('T0187', 'B0028', 10, '2018-10-13'),
('T0188', 'B0034', 20, '2018-10-13'),
('T0189', 'B0063', 10, '2018-10-13'),
('T0190', 'B0065', 10, '2018-10-13'),
('T0191', 'B0085', 3, '2018-10-15'),
('T0192', 'B0086', 3, '2018-10-15'),
('T0193', 'B0067', 2, '2018-10-15'),
('T0194', 'B0068', 2, '2018-10-15'),
('T0195', 'B0075', 2, '2018-10-15'),
('T0196', 'B0083', 20, '2018-10-15'),
('T0197', 'B0089', 5, '2018-10-15'),
('T0198', 'B0088', 5, '2018-10-15'),
('T0199', 'B0090', 5, '2018-10-15'),
('T0200', 'B0092', 5, '2018-10-15'),
('T0201', 'B0057', 5, '2018-10-16'),
('T0202', 'B0055', 5, '2018-10-16'),
('T0203', 'B0092', 5, '2018-10-16'),
('T0204', 'B0093', 5, '2018-10-16'),
('T0205', 'B0094', 5, '2018-10-16'),
('T0206', 'B0099', 5, '2018-10-16'),
('T0207', 'B0073', 5, '2018-10-16'),
('T0208', 'B0006', 4, '2018-10-16'),
('T0209', 'B0031', 8, '2018-10-16'),
('T0210', 'B0011', 14, '2018-10-16'),
('T0211', 'B0032', 14, '2018-10-16'),
('T0212', 'B0044', 5, '2018-10-16'),
('T0213', 'B0045', 5, '2018-10-16'),
('T0214', 'B0002', 8, '2018-10-16'),
('T0215', 'B0003', 8, '2018-10-16'),
('T0216', 'B0041', 5, '2018-10-17'),
('T0217', 'B0042', 5, '2018-10-17'),
('T0218', 'B0048', 4, '2018-10-17'),
('T0219', 'B0047', 8, '2018-10-17'),
('T0220', 'B0051', 14, '2018-10-17'),
('T0221', 'B0052', 14, '2018-10-17'),
('T0222', 'B0059', 5, '2018-10-17'),
('T0223', 'B0060', 5, '2018-10-17'),
('T0224', 'B0067', 8, '2018-10-17'),
('T0225', 'B0075', 8, '2018-10-17'),
('T0226', 'B0061', 5, '2018-10-18'),
('T0227', 'B0062', 5, '2018-10-18'),
('T0228', 'B0063', 4, '2018-10-18'),
('T0229', 'B0064', 8, '2018-10-18'),
('T0230', 'B0065', 10, '2018-10-18'),
('T0231', 'B0080', 10, '2018-10-18'),
('T0232', 'B0081', 5, '2018-10-18'),
('T0233', 'B0087', 5, '2018-10-18'),
('T0234', 'B0091', 8, '2018-10-18'),
('T0235', 'B0093', 8, '2018-10-18'),
('T0236', 'B0094', 4, '2018-10-19'),
('T0237', 'B0067', 4, '2018-10-19'),
('T0238', 'B0099', 4, '2018-10-19'),
('T0239', 'B0100', 12, '2018-10-19'),
('T0240', 'B0004', 10, '2018-10-19'),
('T0241', 'B0009', 10, '2018-10-19'),
('T0242', 'B0012', 5, '2018-10-19'),
('T0243', 'B0021', 5, '2018-10-19'),
('T0244', 'B0036', 8, '2018-10-19'),
('T0245', 'B0035', 8, '2018-10-19'),
('T0246', 'B0041', 5, '2018-10-20'),
('T0247', 'B0038', 5, '2018-10-20'),
('T0248', 'B0039', 5, '2018-10-20'),
('T0249', 'B0040', 5, '2018-10-20'),
('T0250', 'B0053', 5, '2018-10-20'),
('T0251', 'B0054', 5, '2018-10-20'),
('T0252', 'B0055', 5, '2018-10-20'),
('T0253', 'B0056', 5, '2018-10-20'),
('T0254', 'B0057', 8, '2018-10-20'),
('T0255', 'B0059', 8, '2018-10-20'),
('T0256', 'B0060', 5, '2018-10-20'),
('T0257', 'B0074', 5, '2018-10-20'),
('T0258', 'B0078', 4, '2018-10-22'),
('T0259', 'B0064', 8, '2018-10-22'),
('T0260', 'B0065', 10, '2018-10-22'),
('T0261', 'B0080', 10, '2018-10-22'),
('T0262', 'B0081', 5, '2018-10-22'),
('T0263', 'B0087', 5, '2018-10-22'),
('T0264', 'B0008', 8, '2018-10-22'),
('T0265', 'B0012', 8, '2018-10-22'),
('T0266', 'B0094', 4, '2018-10-22'),
('T0267', 'B0067', 4, '2018-10-22'),
('T0268', 'B0099', 4, '2018-10-23'),
('T0269', 'B0100', 12, '2018-10-23'),
('T0270', 'B0004', 10, '2018-10-23'),
('T0271', 'B0009', 10, '2018-10-23'),
('T0272', 'B0012', 5, '2018-10-23'),
('T0273', 'B0021', 5, '2018-10-23'),
('T0274', 'B0036', 8, '2018-10-23'),
('T0275', 'B0035', 8, '2018-10-23'),
('T0276', 'B0086', 5, '2018-10-23'),
('T0277', 'B0087', 5, '2018-10-23'),
('T0278', 'B0088', 8, '2018-10-23'),
('T0279', 'B0089', 8, '2018-10-23'),
('T0280', 'B0090', 8, '2018-10-23'),
('T0281', 'B0085', 3, '2018-10-24'),
('T0282', 'B0086', 3, '2018-10-24'),
('T0283', 'B0067', 2, '2018-10-24'),
('T0284', 'B0068', 2, '2018-10-24'),
('T0285', 'B0075', 2, '2018-10-24'),
('T0286', 'B0099', 5, '2018-10-24'),
('T0287', 'B0073', 5, '2018-10-24'),
('T0288', 'B0062', 20, '2018-10-24'),
('T0289', 'B0032', 10, '2018-10-24'),
('T0290', 'B0033', 5, '2018-10-24'),
('T0291', 'B0034', 10, '2018-10-24'),
('T0292', 'B0099', 10, '2018-10-24'),
('T0293', 'B0006', 4, '2018-10-25'),
('T0294', 'B0031', 8, '2018-10-25'),
('T0295', 'B0011', 14, '2018-10-25'),
('T0296', 'B0032', 14, '2018-10-25'),
('T0297', 'B0043', 4, '2018-10-25'),
('T0298', 'B0045', 5, '2018-10-25'),
('T0299', 'B0071', 6, '2018-10-25'),
('T0300', 'B0084', 20, '2018-10-25'),
('T0301', 'B0015', 8, '2018-10-25'),
('T0302', 'B0016', 8, '2018-10-25'),
('T0303', 'B0017', 8, '2018-10-25'),
('T0304', 'B0033', 24, '2018-10-25'),
('T0305', 'B0027', 10, '2018-10-25'),
('T0306', 'B0022', 4, '2018-10-26'),
('T0307', 'B0023', 4, '2018-10-26'),
('T0308', 'B0018', 4, '2018-10-26'),
('T0309', 'B0019', 4, '2018-10-26'),
('T0310', 'B0032', 10, '2018-10-26'),
('T0311', 'B0033', 5, '2018-10-26'),
('T0312', 'B0034', 10, '2018-10-26'),
('T0313', 'B0077', 5, '2018-10-26'),
('T0314', 'B0076', 10, '2018-10-26'),
('T0315', 'B0099', 5, '2018-10-26'),
('T0316', 'B0013', 5, '2018-10-26'),
('T0317', 'B0032', 10, '2018-10-26'),
('T0318', 'B0043', 4, '2018-10-26'),
('T0319', 'B0044', 4, '2018-10-23'),
('T0320', 'B0050', 4, '2018-10-23'),
('T0321', 'B0006', 8, '2018-10-27'),
('T0322', 'B0031', 8, '2018-10-27'),
('T0323', 'B0043', 5, '2018-10-27'),
('T0324', 'B0044', 5, '2018-10-27'),
('T0325', 'B0050', 5, '2018-10-27'),
('T0326', 'B0006', 5, '2018-10-27'),
('T0327', 'B0073', 5, '2018-10-27'),
('T0328', 'B0099', 5, '2018-10-27'),
('T0329', 'B0073', 5, '2018-10-27'),
('T0330', 'B0013', 5, '2018-10-27'),
('T0331', 'B0032', 10, '2018-10-27'),
('T0332', 'B0015', 2, '2018-10-29'),
('T0333', 'B0016', 2, '2018-10-29'),
('T0334', 'B0017', 2, '2018-10-29'),
('T0335', 'B0030', 6, '2018-10-29'),
('T0336', 'B0057', 5, '2018-10-29'),
('T0337', 'B0055', 5, '2018-10-29'),
('T0338', 'B0091', 5, '2018-10-29'),
('T0339', 'B0093', 5, '2018-10-29'),
('T0340', 'B0083', 4, '2018-10-29'),
('T0341', 'B0067', 4, '2018-10-29'),
('T0342', 'B0068', 4, '2018-10-29'),
('T0343', 'B0075', 8, '2018-10-29'),
('T0344', 'B0071', 4, '2018-10-30'),
('T0345', 'B0084', 4, '2018-10-30'),
('T0346', 'B0015', 4, '2018-10-30'),
('T0347', 'B0016', 4, '2018-10-30'),
('T0348', 'B0017', 4, '2018-10-30'),
('T0349', 'B0019', 4, '2018-10-30'),
('T0350', 'B0018', 4, '2018-10-30'),
('T0351', 'B0022', 4, '2018-10-30'),
('T0352', 'B0023', 4, '2018-10-30'),
('T0353', 'B0032', 5, '2018-10-30'),
('T0354', 'B0033', 10, '2018-10-30'),
('T0355', 'B0034', 5, '2018-10-30'),
('T0356', 'B0062', 5, '2018-10-30'),
('T0357', 'B0085', 4, '2018-10-30'),
('T0358', 'B0086', 4, '2018-10-30'),
('T0359', 'B0001', 10, '2018-10-31'),
('T0360', 'B0002', 10, '2018-10-31'),
('T0361', 'B0003', 10, '2018-10-31'),
('T0362', 'B0004', 10, '2018-10-31'),
('T0363', 'B0005', 10, '2018-10-31'),
('T0364', 'B0006', 10, '2018-10-31'),
('T0365', 'B0007', 10, '2018-10-31'),
('T0366', 'B0008', 10, '2018-10-31'),
('T0367', 'B0009', 10, '2018-10-31'),
('T0368', 'B0010', 10, '2018-10-31'),
('T0369', 'B0011', 10, '2018-10-31'),
('T0370', 'B0012', 10, '2018-10-31'),
('T0371', 'B0013', 10, '2018-10-31'),
('T0372', 'B0014', 10, '2018-10-31'),
('T0373', 'B0015', 10, '2018-10-31'),
('T0374', 'B0016', 10, '2018-10-31'),
('T0375', 'B0017', 10, '2018-10-31'),
('T0376', 'B0018', 10, '2018-10-31'),
('T0378', 'B0028', 10, '2018-10-31'),
('T0379', 'B0029', 10, '2018-10-31'),
('T0380', 'B0030', 10, '2018-10-31'),
('T0381', 'B0003', 54, '2018-10-22'),
('T0382', 'B0004', 60, '2018-10-06'),
('T0383', 'B0005', 40, '2018-10-22'),
('T0384', 'B0006', 100, '2018-10-15'),
('T0385', 'B0007', 100, '2018-10-15'),
('T0386', 'B0008', 100, '2018-10-15'),
('T0387', 'B0009', 100, '2018-10-16'),
('T0388', 'B0010', 10, '2018-10-30'),
('T0389', 'B0011', 10, '2018-10-30'),
('T0390', 'B0012', 10, '2018-10-30'),
('T0391', 'B0013', 10, '2018-10-30'),
('T0392', 'B0014', 10, '2018-10-30'),
('T0393', 'B0015', 10, '2018-10-30'),
('T0394', 'B0016', 10, '2018-10-30'),
('T0395', 'B0017', 10, '2018-10-30'),
('T0396', 'B0018', 10, '2018-10-30'),
('T0397', 'B0028', 10, '2018-10-30'),
('T0399', 'B0030', 10, '2018-10-30'),
('T0400', 'B0002', 25, '2018-10-12'),
('T0401', 'B0001', 50, '2018-10-06'),
('T0402', 'B0026', 100, '2018-10-15'),
('T0403', 'B0027', 100, '2018-10-15'),
('T0404', 'B0028', 100, '2018-10-15'),
('T0405', 'B0029', 100, '2018-10-16'),
('T0406', 'B0030', 100, '2018-10-15'),
('T0407', 'B0031', 100, '2018-10-16');

--
-- Indexes for dumped tables
--

--
-- Indexes for table `barang`
--
ALTER TABLE `barang`
  ADD PRIMARY KEY (`Id_barang`);

--
-- Indexes for table `kategori`
--
ALTER TABLE `kategori`
  ADD PRIMARY KEY (`Id_kategori`);

--
-- Indexes for table `manajemen`
--
ALTER TABLE `manajemen`
  ADD PRIMARY KEY (`Id_barang`);

--
-- Indexes for table `supplier`
--
ALTER TABLE `supplier`
  ADD PRIMARY KEY (`Id_supplier`);

--
-- Indexes for table `transaksi`
--
ALTER TABLE `transaksi`
  ADD PRIMARY KEY (`Id_transaksi`),
  ADD KEY `Id_barang` (`Id_barang`);

--
-- Ketidakleluasaan untuk tabel pelimpahan (Dumped Tables)
--

--
-- Ketidakleluasaan untuk tabel `transaksi`
--
ALTER TABLE `transaksi`
  ADD CONSTRAINT `transaksi_ibfk_1` FOREIGN KEY (`Id_barang`) REFERENCES `barang` (`Id_barang`);

/*!40101 SET CHARACTER_SET_CLIENT=@OLD_CHARACTER_SET_CLIENT */;
/*!40101 SET CHARACTER_SET_RESULTS=@OLD_CHARACTER_SET_RESULTS */;
/*!40101 SET COLLATION_CONNECTION=@OLD_COLLATION_CONNECTION */;
